epsilon,good_arm_count,bad_arm_count,algorithm,mean_regret_n1e6,regret_ci95_low,regret_ci95_high,reduction_vs_ucb1_percent,reduction_ci95_low,reduction_ci95_high,empirical_log_coefficient,coefficient_ci95_low,coefficient_ci95_high,coefficient_ratio_vs_ucb1,theory_reference_coefficient,theory_reference_status,replications
0.0,1,4,UCB1,1701.4849399999973,1678.1638725203777,1724.806007479617,0.0,0.0,0.0,285.50279206529666,279.595668643516,291.5595167555315,1.0,150.3827573392791,exact asymptotic,500
0.0,1,4,epsilon-UCB1,1701.4849399999973,1678.1638725203777,1724.806007479617,0.0,0.0,0.0,285.50279206529666,279.595668643516,291.5595167555315,1.0,150.38275733927907,proved upper coefficient,500
0.0,1,4,alpha-UCB1-1.1,3407.185239999997,3374.9564025211566,3439.4140774788375,-100.2477459483128,-102.12662131262964,-98.19607373718902,666.3155154368591,657.0896292324286,675.8295063928825,2.333831871193987,330.84206614641397,"proposed target, not proved",500
0.0,1,4,alpha-UCB1-2,4182.077439999984,4128.345380946622,4235.8094990533455,-145.7898592978431,-148.5215570936827,-142.8420972096828,811.1676810777786,795.2393827547634,826.3534215306612,2.841190011522754,601.5310293571163,"proposed target, not proved",500
0.02,1,4,UCB1,1701.4849399999973,1678.1638725203777,1724.806007479617,0.0,0.0,0.0,285.50279206529666,279.595668643516,291.5595167555315,1.0,150.3827573392791,exact asymptotic,500
0.02,1,4,epsilon-UCB1,1605.2050800000009,1583.3433855600792,1627.0667744399225,5.6585784414875056,5.287083232007721,6.057575224577276,260.2343289348896,254.40301559360822,265.98680587371905,0.9114948650847942,118.00298836062586,proved upper coefficient,500
0.02,1,4,alpha-UCB1-1.1,3407.185239999997,3374.9564025211566,3439.4140774788375,-100.2477459483128,-102.12662131262964,-98.19607373718902,666.3155154368591,657.0896292324286,675.8295063928825,2.333831871193987,259.60657439337695,"proposed target, not proved",500
0.02,1,4,alpha-UCB1-2,4182.077439999984,4128.345380946622,4235.8094990533455,-145.7898592978431,-148.5215570936827,-142.8420972096828,811.1676810777786,795.2393827547634,826.3534215306612,2.841190011522754,472.01195344250345,"proposed target, not proved",500
0.05,2,3,UCB1,879.76034,867.3119438112303,892.2087361887698,0.0,0.0,0.0,116.57668965956556,113.78855358491349,119.63200295448162,1.0,70.38275733927907,exact asymptotic,500
0.05,2,3,epsilon-UCB1,729.8269600000009,719.3134950547935,740.3404249452083,17.042525467788096,16.483223722469027,17.568988586059056,64.18268409872415,62.22942150337703,66.16695017369558,0.5505619029512193,52.92518429888877,proved upper coefficient,500
0.05,2,3,alpha-UCB1-1.1,1383.5090799999987,1368.857536972278,1398.1606230277193,-57.259769177592005,-58.608000930508034,-55.93693639000888,136.4047564750578,133.41356975758714,139.41441766637905,1.170086034123935,116.4354054575553,"proposed target, not proved",500
0.05,2,3,alpha-UCB1-2,1998.520320000015,1968.5173548643256,2028.5232851357046,-127.16644853529257,-130.119059138374,-124.28339192573712,236.08044274981503,225.55729486886244,246.44580155953383,2.0251084795702443,211.7007371955551,"proposed target, not proved",500
0.06,2,3,UCB1,879.76034,867.3119438112303,892.2087361887698,0.0,0.0,0.0,116.57668965956556,113.78855358491349,119.63200295448162,1.0,70.38275733927907,exact asymptotic,500
0.06,2,3,epsilon-UCB1,694.2760799999994,684.4714670845283,704.0806929154705,21.083498717389404,20.487251026684234,21.66282331444997,54.072066543160204,52.36097626148163,55.866639969719785,0.4638325783745,50.248498067866194,proved upper coefficient,500
0.06,2,3,alpha-UCB1-1.1,1277.4926599999994,1263.4117176467314,1291.5736023532675,-45.20916685105393,-46.331241717104376,-44.083145112232096,95.13246010446356,92.77221117780037,97.45778154231469,0.816050450414017,110.54669574930564,"proposed target, not proved",500
0.06,2,3,alpha-UCB1-2,1829.6422400000135,1800.1640731908633,1859.1204068091638,-107.97052979224019,-110.77929319511198,-105.14806896447678,169.85421637610895,160.4943386987605,179.11482054680215,1.4570169805998756,200.99399227146478,"proposed target, not proved",500
0.09,2,3,UCB1,879.76034,867.3119438112303,892.2087361887698,0.0,0.0,0.0,116.57668965956556,113.78855358491349,119.63200295448162,1.0,70.38275733927907,exact asymptotic,500
0.09,2,3,epsilon-UCB1,600.3914999999995,591.5304372978246,609.2525627021744,31.755107305701067,31.09254797370527,32.39757852932433,44.384002843437,42.80636898856952,45.85865638535453,0.38072793946242517,43.36710331515526,proved upper coefficient,500
0.09,2,3,alpha-UCB1-1.1,1033.4626999999996,1021.2328243806993,1045.6925756193,-17.47093532313579,-18.19294097753165,-16.736863049361975,20.674124897947834,19.47785397724909,21.79327370378429,0.1773435577757585,95.40762729334159,"proposed target, not proved",500
0.09,2,3,alpha-UCB1-2,1444.0243200000052,1422.2843249052703,1465.7643150947401,-64.1383743213527,-66.0558375705035,-62.36969720158574,46.49938383794369,41.904666397554195,51.37970238977978,0.398873771195031,173.46841326062105,"proposed target, not proved",500
0.12,2,3,UCB1,879.76034,867.3119438112303,892.2087361887698,0.0,0.0,0.0,116.57668965956556,113.78855358491349,119.63200295448162,1.0,70.38275733927907,exact asymptotic,500
0.12,2,3,epsilon-UCB1,523.8735999999998,515.9983535972951,531.7488464027044,40.452691922893486,39.792741655132026,41.127868170745415,38.768590169452224,37.5278051678575,40.03530484829711,0.33255868117945925,37.84379004021726,proved upper coefficient,500
0.12,2,3,alpha-UCB1-1.1,856.4609399999998,845.9801782775467,866.941701722453,2.6483803532221306,1.8740113550134778,3.337060897148442,0.5146246797874648,0.336141188445552,0.7158210704947915,0.004414473264683562,83.25633808847797,"proposed target, not proved",500
0.12,2,3,alpha-UCB1-2,1210.009600000004,1191.724677616176,1228.294522383832,-37.53854828236562,-39.35973775847362,-35.75906772974973,4.2513183201672415,2.8680054334485865,5.910530369671342,0.03646799658304077,151.37516016086903,"proposed target, not proved",500
0.14,3,2,UCB1,502.27648,493.7592283214048,510.7937316785952,0.0,0.0,0.0,61.89198076015523,60.13713276940256,63.7203124088614,1.0,39.61352657004831,exact asymptotic,500
0.14,3,2,epsilon-UCB1,299.77573999999987,294.5961516395746,304.95532836042514,40.31658818664973,39.51806481269887,41.14853528722133,22.30263462563538,21.472443873540293,23.150292885324898,0.36034772763313067,21.742222222222217,proved upper coefficient,500
0.14,3,2,alpha-UCB1-1.1,478.30030000000045,471.4909649291676,485.1096350708333,4.773502434356382,4.027469112287775,5.546237944826885,0.3537630326550243,0.21757103104010858,0.5000774604041792,0.005715813717869724,47.83288888888888,"proposed target, not proved",500
0.14,3,2,alpha-UCB1-2,675.9321599999959,663.3534714820996,688.5108485178921,-34.573723221122336,-36.53248582619305,-32.60353569305478,1.2358011111894803e-14,-4.5312707410280943e-14,3.707403333568441e-14,1.996706351956122e-16,86.96888888888887,"proposed target, not proved",500
0.19,4,1,UCB1,219.63436000000002,214.42844964087462,224.8402703591254,0.0,0.0,0.0,25.778213795211837,24.678177362945704,26.76905394234673,1.0,17.391304347826086,exact asymptotic,500
0.19,4,1,epsilon-UCB1,119.26236000000003,116.36572527490206,122.158994725098,45.69958908068846,44.65101510197721,46.64726879427854,8.97434418275162,8.493282911084624,9.48531869830554,0.3481367737131017,8.710059171597633,proved upper coefficient,500
0.19,4,1,alpha-UCB1-1.1,179.81675999999982,176.21682127024394,183.4166987297557,18.129039554649005,16.987476174195816,19.16859413272857,0.09665452811929573,0.03363230185489303,0.16970331160511973,0.0037494656878533914,19.162130177514793,"proposed target, not proved",500
0.19,4,1,alpha-UCB1-2,243.52768000000083,238.10559103485906,248.9497689651426,-10.87868036676994,-13.30585932977587,-8.594296302331982,-2.0596685186491337e-15,-1.8537016667842205e-14,1.647734814919307e-14,-7.989958245406848e-17,34.84023668639053,"proposed target, not proved",500
0.235,5,0,UCB1,0.0,0.0,0.0,nan,nan,nan,0.0,0.0,0.0,nan,0.0,exact asymptotic,500
0.235,5,0,epsilon-UCB1,0.0,0.0,0.0,nan,nan,nan,0.0,0.0,0.0,nan,0.0,proved upper coefficient,500
0.235,5,0,alpha-UCB1-1.1,0.0,0.0,0.0,nan,nan,nan,0.0,0.0,0.0,nan,0.0,"proposed target, not proved",500
0.235,5,0,alpha-UCB1-2,0.0,0.0,0.0,nan,nan,nan,0.0,0.0,0.0,nan,0.0,"proposed target, not proved",500
