epsilon,algorithm,run_1_mean_regret_n1e6,run_2_mean_regret_n1e6,run_3_mean_regret_n1e6,mean_across_runs_regret_n1e6,relative_spread_regret,run_1_empirical_coefficient,run_2_empirical_coefficient,run_3_empirical_coefficient,mean_across_runs_empirical_coefficient,relative_spread_coefficient
0.0,UCB1,1701.4849399999973,1722.0472999999997,1701.332639999999,1708.288293333332,0.012125974333981344,285.50279206529666,294.27081467911984,291.2612178321385,290.3449415255183,0.030198640857163197
0.0,alpha-UCB1-1.1,3407.185239999997,3421.808560000004,3396.02038,3408.3380600000005,0.0075662036881412225,666.3155154368591,673.6406635033361,667.8743214828015,669.2768334743322,0.010944870194372203
0.0,alpha-UCB1-2,4182.077439999984,4263.219199999991,4253.83935999999,4233.045333333322,0.01916864895375747,811.1676810777786,826.1970538058412,826.7059589072586,821.3568979302928,0.018917814982298563
0.0,epsilon-UCB1,1701.4849399999973,1722.0472999999997,1701.332639999999,1708.288293333332,0.012125974333981344,285.50279206529666,294.27081467911984,291.2612178321385,290.3449415255183,0.030198640857163197
0.02,UCB1,1701.4849399999973,1722.0472999999997,1701.332639999999,1708.288293333332,0.012125974333981344,285.50279206529666,294.27081467911984,291.2612178321385,290.3449415255183,0.030198640857163197
0.02,alpha-UCB1-1.1,3407.185239999997,3421.808560000004,3396.02038,3408.3380600000005,0.0075662036881412225,666.3155154368591,673.6406635033361,667.8743214828015,669.2768334743322,0.010944870194372203
0.02,alpha-UCB1-2,4182.077439999984,4263.219199999991,4253.83935999999,4233.045333333322,0.01916864895375747,811.1676810777786,826.1970538058412,826.7059589072586,821.3568979302928,0.018917814982298563
0.02,epsilon-UCB1,1605.2050800000009,1627.72928,1613.9498400000023,1615.6280666666678,0.013941451293595464,260.2343289348896,269.5172326641162,268.32777089908603,266.0264441660306,0.03489466529663116
0.05,UCB1,879.76034,877.9653000000002,873.5632400000006,877.0962933333336,0.007065472795977545,116.57668965956556,118.06563026028377,116.7251098240246,117.12247658129131,0.01271268029996598
0.05,alpha-UCB1-1.1,1383.5090799999987,1380.9979400000007,1377.545000000002,1380.684006666667,0.004319656033675392,136.4047564750578,137.89802796285915,137.78253034550892,137.3617715944753,0.010871084949383374
0.05,alpha-UCB1-2,1998.520320000015,1986.2118400000136,1976.0537600000155,1986.9286400000146,0.011307180110906978,236.08044274981503,231.74442130618235,228.35716891690663,232.06067765763467,0.03328126898044639
0.05,epsilon-UCB1,729.8269600000009,726.2096199999992,720.5558999999995,725.5308266666665,0.01277831300786457,64.18268409872415,64.36741474026383,62.45532266220348,63.668473833730495,0.03003200741160773
0.06,UCB1,879.76034,877.9653000000002,873.5632400000006,877.0962933333336,0.007065472795977545,116.57668965956556,118.06563026028377,116.7251098240246,117.12247658129131,0.01271268029996598
0.06,alpha-UCB1-1.1,1277.4926599999994,1273.4109999999996,1273.1259400000004,1274.676533333333,0.003425747541283999,95.13246010446356,96.05586927015966,96.93350570042738,96.04061169168352,0.018752958402073278
0.06,alpha-UCB1-2,1829.6422400000135,1834.0044800000114,1830.092800000014,1831.2465066666798,0.0023821151243795325,169.85421637610895,172.49363799157592,170.99665807342075,171.11483748036855,0.015424855344702556
0.06,epsilon-UCB1,694.2760799999994,690.5247799999999,684.9467999999998,689.9158866666663,0.013522344071643386,54.072066543160204,54.65261446031194,52.897989598729886,53.87422353406734,0.032568912301307054
0.09,UCB1,879.76034,877.9653000000002,873.5632400000006,877.0962933333336,0.007065472795977545,116.57668965956556,118.06563026028377,116.7251098240246,117.12247658129131,0.01271268029996598
0.09,alpha-UCB1-1.1,1033.4626999999996,1030.648000000001,1026.0482799999995,1030.0529933333335,0.0071980956785596155,20.674124897947834,21.35298779520488,21.034605483950948,21.02057272570122,0.032295166554954
0.09,alpha-UCB1-2,1444.0243200000052,1432.9036800000038,1430.302720000005,1435.743573333338,0.009557138374050414,46.49938383794369,40.96551448348695,41.528801544200384,42.997899955210336,0.12870092167806363
0.09,epsilon-UCB1,600.3914999999995,597.03258,592.6402400000001,596.6881066666665,0.012990471761371294,44.384002843437,44.03488224478645,42.67355253898311,43.69747920906885,0.03914299715712002
0.12,UCB1,879.76034,877.9653000000002,873.5632400000006,877.0962933333336,0.007065472795977545,116.57668965956556,118.06563026028377,116.7251098240246,117.12247658129131,0.01271268029996598
0.12,alpha-UCB1-1.1,856.4609399999998,854.0779999999995,845.9396399999995,852.1595266666664,0.012346631904892012,0.5146246797874648,0.6607097541166952,0.5404883462568856,0.5719409267203486,0.25541986506704195
0.12,alpha-UCB1-2,1210.009600000004,1209.6614400000028,1207.8694400000022,1209.1801600000028,0.0017699264930064163,4.2513183201672415,3.791667415607671,4.672527932814039,4.238504556196317,0.2078234210975728
0.12,epsilon-UCB1,523.8735999999998,521.8648199999998,520.1621600000004,521.96686,0.007110489734921785,38.768590169452224,38.06613725498297,37.46049243730776,38.09840662058098,0.034334709720847637
0.14,UCB1,502.27648,503.3333800000002,502.21798000000024,502.6092800000001,0.0022192188731572273,61.89198076015523,64.02256677919209,62.29876037292497,62.73776930409076,0.03396018128585166
0.14,alpha-UCB1-1.1,478.30030000000045,479.66770000000065,476.99676000000034,478.32158666666714,0.005583983818530105,0.3537630326550243,0.3936344121333279,0.2771371161778874,0.34151152032207993,0.34112259476802353
0.14,alpha-UCB1-2,675.9321599999959,692.0499199999963,683.6326399999962,683.8715733333294,0.023568401770875172,1.2358011111894803e-14,0.18180602715827976,-3.295469629838614e-14,0.06060200905275306,3.0000000000008833
0.14,epsilon-UCB1,299.77573999999987,297.99716000000006,301.44996000000015,299.7409533333334,0.011519280103711158,22.30263462563538,21.77887448657029,22.159168160538787,22.080225757581488,0.023720778257226408
0.19,UCB1,219.63436000000002,226.0196200000002,227.64526000000032,224.43308000000016,0.035693936027613664,25.778213795211837,27.471663479390905,27.2510909384277,26.833656071010143,0.06310916707353173
0.19,alpha-UCB1-1.1,179.81675999999982,183.66558,184.08418000000012,182.52217333333328,0.02338028263671216,0.09665452811929573,0.060755795407258735,0.1019940608136271,0.08646812811339384,0.47691867866375826
0.19,alpha-UCB1-2,243.52768000000083,251.2998400000006,258.1299200000005,250.985813333334,0.05817954332186272,-2.0596685186491337e-15,0.061811768696728456,0.061811768696726395,0.0412078457978176,1.5000000000001
0.19,epsilon-UCB1,119.26236000000003,120.74034000000003,121.71922,120.57397333333336,0.0203763708873378,8.97434418275162,8.775640241709093,9.065746021071169,8.938576815177294,0.032455477573285436
0.235,UCB1,0.0,0.0,0.0,0.0,0.0,0.0,0.0,0.0,0.0,0.0
0.235,alpha-UCB1-1.1,0.0,0.0,0.0,0.0,0.0,0.0,0.0,0.0,0.0,0.0
0.235,alpha-UCB1-2,0.0,0.0,0.0,0.0,0.0,0.0,0.0,0.0,0.0,0.0
0.235,epsilon-UCB1,0.0,0.0,0.0,0.0,0.0,0.0,0.0,0.0,0.0,0.0
